Title,Author,Gitenberg Status,Gitenberg URL,Status,Epub generated (by Raymond),Repo Cover,RTC 1st GEN,RTC 2nd GEN,RTC Other Gen,RTC Good Cover?,RTC Eh Cover,Notes,Need to Add to CAN Submit List,CAN REQUEST DATE,"Name in rtc/books.json, Official Name",ISBN 13,(Trello) Tagged for ePUB gen Process w/ Cover (YES/NO),(Trello) Tagged for ePUB gen Process (YES/NO),CAN Cover (count),CAN Cover (Yes/No),Does ePub generated have cover?,Formatting Complexity,Formatting Status,Formatting Notes
Adventures of Huckleberry Finn,Mark Twain,Needs Check,https://github.com/GITenberg/Adventures-of-Huckleberry-Finn_76,SHIPPED,,YES,X,,,YES,,,,,The Adventures of Huckleberry Finn,,YES,YES,11,yes,yes,,,
A Doll's House,Henrik Ibsen,ASCIIDOC,https://github.com/GITenberg/A-Doll-s-House---a-play_2542,,,,,,,NO,,Play,,,,,,,0,,no,,,
Age of Innocence,Edith Wharton,ASCIIDOC,https://github.com/GITenberg/The-Age-of-Innocence_541,,,,,,,NO,,,,,,,,,0,,no,,,
David Copperfield,Charles Dickens,ASCIIDOC,https://github.com/GITenberg/David-Copperfield_766,,,,,,,NO,,,,7/7/2015,,,NO,YES,0,,,,,
Ethan Frome,Edith Wharton,,https://github.com/GITenberg/Ethan-Frome_4517,,,,,,,NO,,,,,,,,,0,,,,,
Far From the Madding Crowd,Thomas Hardy,ASCIIDOC,https://github.com/GITenberg/Far-from-the-Madding-Crowd_27,,,,,,,NO,Three meh covers,"Two covers, but prefer alternative",,7/7/2015,,,,,1,yes,no,,,
Flappers and Philosophers,F. Scott Fitzgerald,,https://github.com/GITenberg/Flappers-and-Philosophers_4368,,,,,,,NO,,,,,,,,,0,,,,,
Heidi,Johanna Spyri,,https://github.com/GITenberg/Heidi-Gift-Edition-_20781,,,,,,,NO,,,,,,,NO,YES,0,,,,,
Jacob's Room,Virginia Woolf,ASCIIDOC,https://github.com/GITenberg/Jacob-s-Room_5670,,9/23/2015,,,,,NO,Meh,,,7/7/2015,,,,,0,,no,,,
Kidnapped,Robert Louis Stevenson,,https://github.com/GITenberg/Kidnapped_421,,,,,,,NO,,,,,,,,,0,,,,,
Kim,Rudyard Kipling,,https://github.com/GITenberg/Kim_2226,,,,,,,NO,,,,,,,,,0,,,,,
King Arthur and His Knights of the Round Table,Roger Lancelyn Green,,https://github.com/GITenberg/King-Arthur-and-the-Knights-of-the-Round-Table_36462,,,,,,,NO,Yes,Cover text too small,,,,,,,0,,,,,
Leaves of Grass,Walt Whitman,,https://github.com/GITenberg/Leaves-of-Grass_1322,,,,,,,NO,Three meh covers,,,,,,,,0,,,,,
Little Lord Fauntleroy,Frances Hodgson Burnett,,https://github.com/GITenberg/Little-Lord-Fauntleroy_479,,,,,,,NO,,,,,,,,,0,,,,,
Northanger Abbey,Jane Austen,ASCIIDOC,https://github.com/GITenberg/Northanger-Abbey_121,,,,,,,NO,,,,,,,,,0,,,,,
Pollyanna,Eleanor H. Porter,ASCIIDOC,https://github.com/GITenberg/Pollyanna_1450,,,,,,,NO,,,,,,,,,0,,no,,,
The Ambassadors,Henry James,,https://github.com/GITenberg/The-Ambassadors_432,,,,,,,NO,,,,,,,,,0,,,,,
The Beautiful and Damned,F. Scott Fitzgerald,ASCIIDOC,https://github.com/GITenberg/The-Beautiful-and-Damned_9830,,,,,,,NO,,,,,,,,,0,,no,,,
The Canterbury Tales,Geoffrey Chaucer,,https://github.com/GITenberg/Chaucer-s-Works-Volume-4--of-7----The-Canterbury-Tales_22120,,,,,,,NO,,Karl Orozco,,,,,NO,YES,0,,,,,
The Grand Inquisitor,Fyodor Dostoyevsky,,https://github.com/GITenberg/The-Grand-Inquisitor_8578,,,,,,,NO,,,,,,,,,0,,,,,
The House of Mirth,Edith Wharton,,https://github.com/GITenberg/The-House-of-Mirth_284,,,,,,,NO,,,,,,,,,0,,,,,
The House of the Seven Gables,Nathaniel Hawthorne,ASCIIDOC,https://github.com/GITenberg/The-House-of-the-Seven-Gables_77,,9/23/2015,,,,,NO,Font twisted. Don't like the warp,,,,,,,,0,,no,,,
The Lady with the Dog and Other Stories,Anton Chekhov,ASCIIDOC,https://github.com/GITenberg/The-Lady-with-the-Dog-and-Other-Stories_13415,,9/23/2015,,,,,NO,,,,,,,,,0,,no,,,
The Life and Opinions of Tristram Shandy - Gentleman,Laurence Sterne,ASCIIDOC,https://github.com/GITenberg/The-Life-and-Opinions-of-Tristram-Shandy-Gentleman_1079,,,,,,,NO,,,,,,,,,0,,,,,
The Lost Continent,Edgar Rice Burroughs,,https://github.com/GITenberg/The-Lost-Continent_149,,,,,,,NO,,,,,,,,,0,,,,,
The Mystery of Edwin Drood  ,Charles Dickens,,https://github.com/GITenberg/The-Mystery-of-Edwin-Drood_564,,,,,,,NO,,,,,,,,,0,,,,,
The Pilgrim's Progress,John Bunyan,,https://github.com/GITenberg/The-Pilgrim-s-Progress-from-this-world-to-that-which-is-to-come--delivered-under-the-similitude__131,,,,,,,NO,,,,,,,,,0,,,,,
The Posthumous Papers of the Pickwick Club (The Pickwick Papers),Charles Dickens,ASCIIDOC,https://github.com/GITenberg/The-Posthumous-Papers-of-the-Pickwick-Club-v.-1-of-2-_47534,,,,,,,NO,YES,,,,,,,,0,,,,,
The Professor,Charlotte Bront√©,,https://github.com/GITenberg/The-Professor_1028,,,,,,,NO,,,,,,,,,0,,,,,
The Return of Tarzan,Edgar Rice Burroughs,,https://github.com/GITenberg/The-Return-of-Tarzan_81,,,,,,,NO,,,,,,,,,0,,,,,
The Song of Hiawatha,Henry Wadsworth Longfellow,,https://github.com/GITenberg/The-Song-of-Hiawatha_19,,,,,,,NO,,,,,,,,,0,,,,,
The Trial,Franz Kafka,,https://github.com/GITenberg/The-Trial_7849,,,,,,,NO,,,,,,,,,4,yes,,,,
The Voyages of Doctor DoLittle,Hugh Lofting,,,,,,,,,NO,,,,,,,NO,YES,0,,,,,
The Woman in White,Wilkie Collins,,https://github.com/GITenberg/The-Woman-in-White_583,,,,,,,YES,,,,,,,,,0,,,,,
What Maisie Knew,Henry James,,https://github.com/GITenberg/What-Maisie-Knew_7118,,,,,,,NO,,,,,,,,,0,,,,,
Jungle Tales of Tarzan,Edgar Rice Burroughs,ASCIIDOC,https://github.com/GITenberg/Jungle-Tales-of-Tarzan_106,,,,,,,WORKING,Chronicle working.,,,,,,,,0,,no,,,
The Last of the Mohicans,James Fenimore Cooper,ASCIIDOC,https://github.com/GITenberg/The-Last-of-the-Mohicans--A-Narrative-of-1757_27681,,,,,,,WORKING,,Roberlan working,,,,,YES,YES,1,yes,no,,,
The Swiss Family Robinson,Johann David Wyss,ASCIIDOC,https://github.com/GITenberg/The-Swiss-Family-Robinson--or-Adventures-in-a-Desert-Island_11703,,,,,,,WORKING,Meh,Karl working,,,,,NO,YES,0,,,,,
Leviathan,Thomas Hobbes,,https://github.com/GITenberg/Leviathan_3207,,,,,X,,YES,,,,,,,NO,YES,0,,,,,
Aesop's Fables,Aesop's Fables,,https://github.com/GITenberg/Aesop-s-Fables--a-new-translation_11339,,,,,X,,YES,,"Roberto Working, Roberlan working",,,,,NO,YES,0,,,,,
Anne of Avonlea,L. M. Montgomery,,https://github.com/GITenberg/Anne-of-Avonlea_47,,,,,X,,YES,,Chronicle working.,,,,,NO,YES,0,,,,,
Anne of Green Gables,L.M. Montgomery,ASCIIDOC,https://github.com/GITenberg/Anne-of-Green-Gables_45,,9/23/2015,,,X,,YES,,Chronicle working.,,7/7/2015,,,NO,YES,0,,no,,,
Anne of the Island,L. M. Montgomery,,,,,,,X,,YES,,,,,,,NO,YES,,,,,,
On Liberty,John Stuart Mill,,https://github.com/GITenberg/On-Liberty_34901,,,,,X,,YES,,"Eric Li, Ed Gaither Working",,,,,NO,YES,0,,,,,
The Theory of the Leisure Class,Thorstein Veblen,,https://github.com/GITenberg/The-Theory-of-the-Leisure-Class_833,,,,,X,,YES,,Ed Gaither Working,,,,,NO,YES,0,,,,,
Wuthering Heights,Emily Bronte,ASCIIDOC,https://github.com/GITenberg/Wuthering-Heights_768,,,,,X,,YES,,Karl working,,,,,NO,YES,1,yes,no,,,
The Story of Doctor Dolittle,Hugh Lofting,,https://github.com/GITenberg/The-Story-of-Doctor-Dolittle_501,,,,,X,,YES,,Michelle Kwon working,,,,,NO,YES,0,,,,,
A Room with a View,E. M. Forster,ASCIIDOC,https://github.com/GITenberg/A-Room-with-a-View_2641,,9/23/2015,,,X,,YES,,Michelle Kwon WORKING,,7/7/2015,,,NO,YES,0,,no,,,
Jo's Boys,Louisa May Alcott,,https://github.com/GITenberg/Jo-s-Boys_3499,,,,,X,,YES,Joleen Naylor working (joleene@joleenenaylor.com),,,,,,,,0,,,,,
A Christmas Carol,Charles Dickens,ASCIIDOC,https://github.com/GITenberg/A-Christmas-Carol_46,SHIPPED,,,,X,,YES,,,,7/7/2015,,,YES,YES,1,yes,no,LOW,,
A Little Princess,Frances Hodgson Burnett,ASCIIDOC,https://github.com/GITenberg/A-Little-Princess--13-Being-the-whole-story-of-Sara-Crewe-now-told-for-the-first-time_146,SHIPPED,9/23/2015,,,X,,YES,,,,7/7/2015,,,YES,YES,1,yes,no,,,
A Portrait of the Artist as a Young Man,James Joyce,ASCIIDOC,https://github.com/GITenberg/A-Portrait-of-the-Artist-as-a-Young-Man_4217,,9/23/2015,,,X,,YES,,Roberlan,,7/7/2015,,,YES,YES,0,,no,,,
A Tale of Two Cities,Charles Dickens,ASCIIDOC,https://github.com/GITenberg/A-Tale-of-Two-Cities_98,,,,X,,,YES,,,,,A Tale of Two Cities,,YES,YES,14,yes,no,,,
Agnes Grey,Anne Bronte,ASCIIDOC,https://github.com/GITenberg/Agnes-Grey_767,,9/23/2015,,,X,,YES,YES,Chronicle working.,,7/7/2015,,,YES,YES,0,,no,,,
Alice's Adventures in Wonderland,Lewis Carroll,ASCIIDOC,https://github.com/GITenberg/Alice-s-Adventures-in-Wonderland_11,,,,,X,,YES,,,,7/7/2015,,,NO,YES,2,yes,no,,,
Andersen's Fairy Tales,Hans Christian Andersen,ASCIIDOC,https://github.com/GITenberg/Andersen-s-Fairy-Tales_1597,SHIPPED,,,,X,,YES,,,,,,,YES,YES,1,yes,no,,,
Anna Karenina,Leo Tolstoy,ASCIIDOC,https://github.com/GITenberg/Anna-Karenina_1399,SHIPPED,,,X,,,YES,,,,,Anna Karenina,,YES,YES,14,yes,yes,,,
Around the World in 80 Days,Jules Verne,ASCIIDOC,https://github.com/GITenberg/Around-the-World-in-80-Days_103,SHIPPED,,,,X,,YES,,,,7/7/2015,,,YES,YES,1,yes,no,,,
Babbitt,Sinclair Lewis,ASCIIDOC,https://github.com/GITenberg/Babbitt_1156,,,,,X,,YES,,"Spelled wrong. ""Sinclaire Lewis"" (Fixed as of 11/2015)",,7/7/2015,,,YES,YES,0,,no,,,
Billy Budd,Herman Melville,,,,,,,,X,YES,,Copyright issues?,X,,,,YES,YES,0,,,,,
Bleak House,Charles Dickens,ASCIIDOC,https://github.com/GITenberg/Bleak-House_1023,,,,X,,,YES,,,,7/7/2015,Bleak House,,YES,YES,6,yes,,,,
Crime and Punishment,Fyodor Dostoevsky,ASCIIDOC,https://github.com/GITenberg/Crime-and-Punishment_2554,SHIPPED,,,X,,,YES,,,,,Crime and Punishment,,YES,YES,11,yes,yes,,,
Cyrano de Bergerac,Edmond Rostand,,https://github.com/GITenberg/Cyrano-De-Bergerac_1254,,,,,X,,YES,YES,A young cover. Cute.,,,,,YES,YES,0,,,,,
Daddy-Long-Legs,Jean Webster,,https://github.com/GITenberg/Daddy-Long-Legs_157,,,,,X,,YES,,"Chronicle working, Roberlan working",,,,,NO,YES,0,,,,,
Dead Souls,Nikolai Gogol,ASCIIDOC,https://github.com/GITenberg/Dead-Souls_1081,SHIPPED,,,,,X,YES,,,,7/7/2015,,,YES,YES,1,yes,no,,,
Don Quixote,Miguel de Cervantes Saavedra ,ASCIIDOC,https://github.com/GITenberg/Don-Quixote_996,SHIPPED,,YES,X,,,YES,,,,,Don Quixote,,YES,YES,16,yes,yes,,,
Dracula,Bram Stoker,ASCIIDOC,https://github.com/GITenberg/Dracula_345,SHIPPED,,,X,,,YES,,,,,Dracula,,YES,YES,20+,yes,yes,,FIRST DRAFT,
Dubliners,James Joyce,Needs Build / Needs Cover,https://github.com/GITenberg/Dubliners_2814,SHIPPED,,,X,,,YES,,,,,Dubliners,,YES,YES,5,yes,yes,,,
Eight Cousins,Louisa May Alcott,,https://github.com/GITenberg/Eight-Cousins_2726,,,,,X,,YES,,,,,,,YES,YES,0,,,,,
Emma,Jane Austin,ASCIIDOC,https://github.com/GITenberg/Emma_158,,,,,X,,YES,,,X,,,,NO,YES,0,,,,,
Flatland: A Romance of Many Dimensions,Edwin A. Abbott,ASCIIDOC,https://github.com/GITenberg/Flatland--A-Romance-of-Many-Dimensions--Illustrated-_201,,,,X,,,YES,,Very difficult to lay out because of the images.,,,Flatland,,YES,YES,18,yes,yes,DIFFICULT,,Lots of images
Frankenstein,Mary Shelley,Needs Build,https://github.com/GITenberg/Frankenstein_84,SHIPPED,,,X,,,YES,,,,,Frankenstein,,YES,YES,20+,yes,yes,MEDIUM,FIRST DRAFT,Confusing Letter 1-4 before Chapter 1 (that are not exactly a preface). Plus lots of letters which will require handcoding html to adjust properly. Also weird use of capitals in lieu of italics
Great Expectations,Charles Dickens,ASCIIDOC,https://github.com/GITenberg/Great-Expectations_1400,,,,,,X,YES,,,,7/7/2015,,,NO,YES,6,yes,no,,,
Grimm's Fairy Tales,Brothers Grimm,ASCIIDOC,https://github.com/GITenberg/Household-Stories-by-the-Brothers-Grimm_19068,,,,X,,,YES,,,,,Grimm's Fairy Tales,,YES,YES,17,yes,,,,
Gulliver's Travels,Jonathan Swift,ASCIIDOC,https://github.com/GITenberg/Gulliver-s-Travels_829,SHIPPED,,,X,,,YES,,,,,Gulliver's Travels,,YES,YES,4,yes,yes,,,
Heart of Darkness,Joseph Conrad,ASCIIDOC,https://github.com/GITenberg/Heart-of-Darkness_219,SHIPPED,,,X,,,YES,,,,,Heart of Darkness,,YES,YES,14,yes,yes,,FIRST DRAFT,
Howards End,E. M. Forster,ASCIIDOC,https://github.com/GITenberg/Howards-End_2946,SHIPPED,9/23/2015,,,,,YES,,,,7/7/2015,,,YES,YES,0,,,,,
Inferno,Dante Alighieri,ASCIIDOC,https://github.com/GITenberg/Divine-Comedy-Longfellow-s-Translation-Hell_1001,SHIPPED,,,,,X,YES,,,,,,,YES,YES,3,yes,no,,,
Jane Eyre,Charlotte Bronte,Needs Build,https://github.com/GITenberg/Jane-Eyre_1260,SHIPPED,,YES,X,,,YES,,,,,Jane Eyre,,YES,YES,20+,yes,yes,,,
Journey to the Center of the Earth,Jules Verne,ASCIIDOC,https://github.com/GITenberg/A-Journey-into-the-Interior-of-the-Earth_3748,SHIPPED,,,X,,,YES,,,,,Journey to the Center of the Earth,,YES,YES,9,yes,,MEDIUM,FIRST DRAFT,Footnotes / weird characters / missing italics
Jude the Obscure,Thomas Hardy,ASCIIDOC,https://github.com/GITenberg/Jude-the-Obscure_153,SHIPPED,,,X,,,YES,,,,,Jude the Obscure,,YES,YES,10,yes,yes,,,
King Solomon's Mines,H. Rider Haggard,ASCIIDOC,https://github.com/GITenberg/King-Solomon-s-Mines_2166,,,,X,,,YES,,,,,King Solomon's Mines,,YES,YES,5,yes,yes,,,
Les Miserables,Victor Hugo,ASCIIDOC,https://github.com/GITenberg/Les-Mis-rables_135,,,,X,,,YES,,,,,Les Miserables,,YES,YES,12,yes,yes,,,
Little Men,Louisa May Alcott,,https://github.com/GITenberg/Little-Men_2788,,,,,X,,YES,,,,,,,YES,YES,1,yes,,,,
Little Women,Louisa May Alcott,ASCIIDOC,https://github.com/GITenberg/Little-Women_514,SHIPPED,,,X,,,YES,,,,,Little Women,,YES,YES,10,yes,yes,,,
Madame Bovary,Gustave Flaubert,ASCIIDOC,https://github.com/GITenberg/Madame-Bovary_2413,SHIPPED,,,X,,,YES,,,,,Madame Bovary,,YES,YES,12,yes,yes,,,
Mansfield Park,Jane Austen,,https://github.com/GITenberg/Mansfield-Park_141,,,,,X,,YES,,,,,,,NO,YES,0,,,,,
Middlemarch,George Eliot,ASCIIDOC,https://github.com/GITenberg/Middlemarch_145,,,,X,,,YES,,,,7/7/2015,Middlemarch,,YES,YES,2,yes,,,,
Moby-Dick,Herman Melville,Needs Build,https://github.com/GITenberg/Moby-Dick--Or-The-Whale_2701,SHIPPED,,YES,X,,,YES,,,,,Moby Dick,,YES,YES,20+,yes,yes,HIGH,FIRST DRAFT,
Moonstone,Wilkie Collins,ASCIIDOC,https://github.com/GITenberg/The-Moonstone_155,SHIPPED,,,,,X,YES,,,X,,,,YES,YES,0,,no,,,
My Antonia,Willa Cather,ASCIIDOC,https://github.com/GITenberg/My-Antonia_242,SHIPPED,,,,,X,YES,,,,,My Antonia,,YES,YES,0,,yes,,,
Narrative of the Life of Frederick Douglass - an American Slave,Frederick Douglass,Needs Build,https://github.com/GITenberg/Narrative-of-the-Life-of-Frederick-Douglass-an-American-Slave_23,SHIPPED,,YES,,,X,YES,,,,,Narrative of the Life of Frederick Douglas,,YES,YES,1,yes,yes,,,
North and South,Elizabeth Gaskell,ASCIIDOC,https://github.com/GITenberg/North-and-South_4276,,,,,X,,YES,,,X,,,,YES,YES,0,,no,,,
Oliver Twist,Charles Dickens,ASCIIDOC,https://github.com/GITenberg/Oliver-Twist_730,,,,,X,,YES,YES,,,7/7/2015,,,YES,YES,0,,,,,
On the Origin of Species,Charles Darwin,ASCIIDOC,https://github.com/GITenberg/On-the-Origin-of-Species-By-Means-of-Natural-Selection--13-Or-the-Preservation-of-Favoured-Rac__1228,,,,,X,,YES,,,,7/7/2015,,,YES,YES,1,yes,,,,
Paradise Lost,John Milton,ASCIIDOC,https://github.com/GITenberg/Paradise-Lost_20,,,,,X,,YES,,,,,,,YES,YES,10,yes,no,,,
Persuasion,Jane Austen,ASCIIDOC,https://github.com/GITenberg/Persuasion_105,,,,X,,,YES,Eh,,,,Persuasion,,YES,YES,6,yes,,,,
Peter Pan,J. M. Barrie,,https://github.com/GITenberg/Peter-Pan-in-Kensington-Gardens_26998,SHIPPED,,,,X,,YES,,,,,,,YES,YES,1,yes,,,,
Pride and Prejudice,Jane Austen,Needs Build,https://github.com/GITenberg/Pride-and-Prejudice_1342,SHIPPED,,YES,X,,,YES,,,,,Pride and Prejudice,,YES,YES,17,yes,yes,,,
Robinson Crusoe,Daniel Defoe,ASCIIDOC,https://github.com/GITenberg/The-Life-and-Adventures-of-Robinson-Crusoe_521,SHIPPED,,,X,,,YES,,,,,Robinson Crusoe,,,,13,yes,yes,,,
Sense and Sensibility,Jane Austen,ASCIIDOC,https://github.com/GITenberg/Sense-and-Sensibility_161,,9/23/2015,,,X,,YES,,,,,,,YES,YES,0,,no,,,
Siddhartha,Hermann Hesse,ASCIIDOC,https://github.com/GITenberg/Siddhartha_2500,,,,,X,,YES,,,,,,,YES,YES,1,yes,no,,,
Strange Case of Dr Jekyll and Mr Hyde,Robert Louis Stevenson,ASCIIDOC,https://github.com/GITenberg/The-Strange-Case-of-Dr.-Jekyll-and-Mr.-Hyde_42,SHIPPED,,,X,,,YES,,,,,Dr. Jekyll and Mr. Hyde,,YES,YES,20+,yes,yes,,,
Swann's Way,Marcel Proust,ASCIIDOC,https://github.com/GITenberg/Swann-s-Way_7178,,,,X,,,YES,,,,,Swann's Way,,YES,YES,3,yes,yes,,,
Tales of the Jazz Age,F. Scott Fitzgerald,ASCIIDOC,https://github.com/GITenberg/Tales-of-the-Jazz-Age_6695,,9/23/2015,,,X,,YES,,,,,,,YES,YES,1,yes,no,,,
Tess of the D'Urbervilles: A Pure Woman Faithfully Presented,Thomas Hardy,ASCIIDOC,https://github.com/GITenberg/Tess-of-the-d-Urbervilles--a-Pure-Woman_110,,9/23/2015,,,X,,YES,Okay,Karl Orozco,,,,,YES,YES,0,,no,,,
The Adventures of Sherlock Holmes,Arthur Conan Doyle,Needs Build,https://github.com/GITenberg/The-Adventures-of-Sherlock-Holmes_1661,SHIPPED,,YES,X,,,YES,,,,,The Adventures of Sherlock Holmes,,YES,YES,20+,yes,no,,,
The Adventures of Tom Sawyer,Mark Twain,ASCIIDOC,https://github.com/GITenberg/The-Adventures-of-Tom-Sawyer_74,SHIPPED,,,,X,,YES,,,,,,,YES,YES,0,,no,,,
The Arabian Nights: Tales from a Thousand and One Nights,Unknown,,https://github.com/GITenberg/The-Thousand-and-One-Nights-Vol.-I.Commonly-Called-the-Arabian-Nights-Entertainments_34206,,,,,X,,YES,,,,,,,YES,YES,1,yes,,,,
The Art of War,Sun Tzu,,https://github.com/GITenberg/The-Art-of-War_132,,,,,X,,YES,,,,,,,YES,YES,0,,,,,
The Awakening,Kate Chopin,ASCIIDOC,https://github.com/GITenberg/The-Awakening-and-Selected-Short-Stories_160,,,,,,X,YES,,Ed ,,,The Awakening,,YES,YES,1,yes,yes,LOW,,
The Belly of Paris,Emile Zola,ASCIIDOC,https://github.com/GITenberg/The-Fat-and-the-Thin_5744,,,,,,X,YES,,,,,,,YES,YES,0,,no,,,
The Brothers Karamazov,Fyodor Dostoevsky,Needs Build,https://github.com/GITenberg/The-Brothers-Karamazov_28054,,,YES,X,,,YES,,,,,The Brothers Karamazov,,YES,YES,5,yes,yes,,,
The Call of the Wild,Jack London,ASCIIDOC,https://github.com/GITenberg/The-Call-of-the-Wild_215,SHIPPED,,,X,,,YES,,,,,Call of the Wild,,YES,YES,16,yes,yes,,,
The Communist Manifesto,Karl Marx and Friedrich Engels,ASCIIDOC,https://github.com/GITenberg/The-Communist-Manifesto_61,,,,,,X,YES,,,,,,,YES,YES,0,,no,,,
The Count of Monte Cristo,Alexandre Dumas,ASCIIDOC,https://github.com/GITenberg/The-Count-of-Monte-Cristo_1184,,,,X,,,YES,,,,,The Count of Monte Cristo,,YES,YES,11,yes,yes,,,
The Federalist Papers,Alexander Hamilton / James Madison / John Jay,ASCIIDOC,https://github.com/GITenberg/The-Federalist-Papers_1404,,,,,,,YES,,Ed Gaither Working,,,,,YES,YES,0,,,,,
The Good Soldier: A Tale of Passion,Ford Madox Ford,ASCIIDOC,https://github.com/GITenberg/The-Good-Soldier_2775,,,,,X,,YES,,,,,,,y,y,4,yes,,,,
The Hunchback of Notre Dame,Victor Hugo,ASCIIDOC,https://github.com/GITenberg/The-Hunchback-of-Notre-Dame_6539,,,,X,,,YES,,,,,The Hunchback of Notre Dame,,YES,YES,15,yes,,,,
The Idiot,Fyodor Dostoyevsky,ASCIIDOC,https://github.com/GITenberg/The-Idiot_2638,SHIPPED,,,,,,YES,,Eric did,,,,,YES,YES,0,,no,,,
The Importance of Being Earnest,Oscar Wilde,ASCIIDOC,https://github.com/GITenberg/The-Importance-of-Being-Earnest_26226,,,,,,X,YES,,,,,,,YES,YES,0,,,,,
The Invisible Man,H.G. Wells,ASCIIDOC,https://github.com/GITenberg/The-Invisible-Man--A-Grotesque-Romance_5230,SHIPPED,,,,X,,YES,,,,,,,YES,YES,2,yes,no,,,
The Jungle,Upton Sinclair,ASCIIDOC,https://github.com/GITenberg/The-Jungle_140,SHIPPED,,,X,,,YES,,,,,The Jungle,,YES,YES,10,yes,yes,,,
The Jungle Book,Rudyard Kipling,ASCIIDOC,https://github.com/GITenberg/The-Jungle-Book_236,SHIPPED,,,X,,,YES,,,,,The Jungle Book,,YES,YES,17,yes,yes,,,
The Kreutzer Sonata,Leo Tolstoy,ASCIIDOC,https://github.com/GITenberg/The-Kreutzer-Sonata-and-Other-Stories_689,,,,,,X,YES,,,X,,,,YES,YES,0,,no,,,
The Legend of Sleepy Hollow,Washington Irving,ASCIIDOC,https://github.com/GITenberg/The-Legend-of-Sleepy-Hollow_41,,,,,,X,YES,,,,,,,YES,YES,0,,no,,,
The Man in the Iron Mask,Alexandre Dumas,ASCIIDOC,https://github.com/GITenberg/The-Man-in-the-Iron-Mask_2759,,,,,,,YES,,,,,,,y,y,1,yes,,,,
The Merry Adventures of Robin Hood,Howard Pyle,ASCIIDOC,https://github.com/GITenberg/The-Merry-Adventures-of-Robin-Hood_10148,SHIPPED,,,,X,,YES,,Yay for Nick,,,,,YES,YES,0,,no,,,
The Metamorphosis,Franz Kafka,ASCIIDOC,https://github.com/GITenberg/Metamorphosis_5200,,,,X,,,YES,,,,,The Metamorphosis,,YES,YES,15,yes,yes,LOW,,
The Phantom of the Opera,Gaston Leroux,ASCIIDOC,https://github.com/GITenberg/The-Phantom-of-the-Opera_175,,,,,X,,YES,,,,,,,YES,YES,1,yes,,,,
The Picture of Dorian Gray,Oscar Wilde,ASCIIDOC,https://github.com/GITenberg/The-Picture-of-Dorian-Gray_174,,,,X,,,YES,,,,,Picture of Dorian Gray,,YES,YES,13,yes,,,,
The Red Badge of Courage,Stephen Crane,ASCIIDOC,https://github.com/GITenberg/The-Red-Badge-of-Courage_73,SHIPPED,,,,,X,YES,,,,,The Red Badge of Courage,,YES,YES,1,yes,yes,,,
The Scarlet Letter,Nathaniel Hawthorne,ASCIIDOC,https://github.com/GITenberg/The-Scarlet-Letter_33,SHIPPED,,,X,,,YES,,,,,The Scarlet Letter,,YES,YES,18,yes,yes,,,
The Secret Garden,Frances Hodgson Burnett,ASCIIDOC,https://github.com/GITenberg/The-Secret-Garden_113,SHIPPED,,,,X,,YES,,,,,,,YES,YES,2,yes,no,,,
The Three Musketeers,Alexandre Dumas,ASCIIDOC,https://github.com/GITenberg/The-Three-Musketeers_1257,,,,X,,,YES,,,,,Three Musketeers,,YES,YES,9,yes,yes,,,
The Time Machine,H. G. Wells,Needs Check,https://github.com/GITenberg/The-Time-Machine_35,SHIPPED,,,X,,,YES,,,,,The Time Machine,,YES,YES,20+,yes,yes,LOW,FIRST DRAFT,
The Turn of the Screw,Henry James,,https://github.com/GITenberg/The-Turn-of-the-Screw_209,SHIPPED,,,,X,,YES,,,,,,,YES,YES,0,,,,,
The War of the Worlds,H. G. Wells,ASCIIDOC,https://github.com/GITenberg/The-War-of-the-Worlds_36,SHIPPED,,,X,,,YES,,,,,War of the Worlds,,YES,YES,16,yes,yes,,,
The Wind in the Willows,Kenneth Grahame,ASCIIDOC,https://github.com/GITenberg/The-Wind-in-the-Willows_289,,,,,X,,YES,,,,,,,YES,YES,1,yes,,,,
The Wonderful Wizard of Oz,L. Frank Baum,ASCIIDOC,https://github.com/GITenberg/The-Wonderful-Wizard-of-Oz_55,SHIPPED,,,X,,,YES,,,,,The Wonderful Wizard of Oz,,YES,YES,20+,yes,yes,LOW,FIRST DRAFT,Didn't see any italics. One quote for LET DORTHY GO TO CITY OF EMERALDS
The Works of Edgar Allan Poe,Edgar Allan Poe,HELD,https://github.com/GITenberg/The-Works-of-Edgar-Allan-Poe-The-Raven-EditionTable-Of-Contents-And-Index-Of-The-Five-Volumes_25525,SHIPPED,,,X,,,YES,,,,,The Works of Edgar Allan Poe,,y,y,12,yes,,,,
This Side of Paradise,F. Scott Fitzgerald,ASCIIDOC,https://github.com/GITenberg/This-Side-of-Paradise_805,,,,X,,,YES,,,,,This Side of Paradise,,YES,YES,10,yes,yes,,,
Through the Looking-Glass,Lewis Carroll,ASCIIDOC,https://github.com/GITenberg/Through-the-Looking-Glass_12,SHIPPED,,,X,,,YES,,,,,Through the Looking Glass,,y,y,20+,yes,,,,
Thus Spake Zarathustra: A Book for All and None,Frederich Nietzsche,ASCIIDOC,https://github.com/GITenberg/Thus-Spake-Zarathustra--A-Book-for-All-and-None_1998,,,,,X,,YES,,,,,,,YES,YES,2,yes,,,,
Treasure Island,Robert Louis Stevenson,ASCIIDOC,https://github.com/GITenberg/Treasure-Island_120,,,,,X,,YES,,,,,,,YES,YES,1,yes,,,,
Twelve Years a Slave,Solomon Northup,ASCIIDOC,https://github.com/GITenberg/Twelve-Years-a-Slave--13-Narrative-of-Solomon-Northup-a-Citizen-of-New-York-Kidnapped-in-Wash__45631,SHIPPED,,,,X,,YES,,,,,,,YES,YES,1,yes,,,,
Twenty Thousand Leagues Under the Sea,Jules Verne,CHECK,https://github.com/GITenberg/Twenty-Thousand-Leagues-under-the-Sea_164,,,,X,,,YES,,,,,Twenty Thousand Leagues Under the Sea,,YES,YES,20+,yes,yes,,,
Ulysses,James Joyce,Make sure to use Paris 1922 edition that is in public domain,https://github.com/GITenberg/Ulysses_4300,,,,X,,,YES,,,,,Ulysses,,y,y,0,,,,,
"Uncle Tom's Cabin; or, Life Among the Lowly",Harriet Beecher Stowe,ASCIIDOC,https://github.com/GITenberg/Uncle-Tom-s-Cabin_203,,,,,X,,YES,,Karl Orozco,,,,,YES,YES,0,,,,,
War and Peace,Leo Tolstoy,ASCIIDOC,https://github.com/GITenberg/War-and-Peace_2600,,,,X,,,YES,,,,,War and Peace,,YES,YES,13,yes,yes,,,
Washington Square,Henry James,ASCIIDOC,https://github.com/GITenberg/Washington-Square_2870,SHIPPED,,,,,X,YES,,,X,,,,YES,YES,0,,no,,,
White Fang,Jack London,ASCIIDOC,https://github.com/GITenberg/White-Fang_910,SHIPPED,,,,X,,YES,,,,,,,YES,YES,0,,no,,,
"Winesburg, Ohio",Sherwood Anderson,ASCIIDOC,https://github.com/GITenberg/Winesburg-Ohio--A-Group-of-Tales-of-Ohio-Small-Town-Life_416,SHIPPED,,,X,,,YES,,,,,"Winesburg, Ohio",,YES,YES,5,yes,yes,,,
Tarzan of the Apes,Edgar Rice Burroughs,,,,,,,,,,,,,,,,,,,,,,,
